age,job,marital,education,default,balance,housing,loan,contact,day,month,duration,campaign,pdays,previous,poutcome,deposit
65,retired,divorced,secondary,no,795.4673747662624,no,no,cellular,5,jul,182,1,-1,0,unknown,no
38,blue-collar,married,secondary,no,1560.2602820287564,no,no,unknown,16,jun,1323,9,-1,0,unknown,yes
35,blue-collar,single,secondary,no,4367.0737498381495,yes,no,cellular,14,may,456,1,300,1,failure,yes
47,blue-collar,married,secondary,no,9624.918754998958,no,no,cellular,8,aug,784,2,-1,0,unknown,yes
35,technician,married,tertiary,no,1436.0561299172616,yes,no,unknown,12,may,84,3,-1,0,unknown,no
30,management,single,tertiary,no,107.07357445179068,no,no,cellular,28,jan,430,1,-1,0,unknown,no
47,admin.,married,secondary,no,3742.7834563711426,yes,yes,telephone,9,jul,337,1,-1,0,unknown,no
56,blue-collar,married,secondary,no,731.0712445585314,yes,yes,unknown,19,jun,254,1,-1,0,unknown,no
35,self-employed,divorced,secondary,no,3838.2438862876356,no,no,cellular,30,jul,409,4,-1,0,unknown,no
26,student,single,tertiary,no,12073.206461177824,no,no,cellular,8,jul,475,3,78,2,success,no
55,technician,married,secondary,no,0.0,no,no,cellular,27,jul,506,2,-1,0,unknown,no
49,management,married,tertiary,no,20.628328165672983,yes,no,cellular,4,feb,117,1,-1,0,unknown,no
26,technician,single,secondary,no,462.6318948680347,no,no,cellular,30,apr,380,1,-1,0,unknown,yes
46,blue-collar,divorced,primary,no,186.49716031735983,yes,no,cellular,21,nov,729,1,-1,0,unknown,yes
27,admin.,single,secondary,no,5552.219735730934,no,no,telephone,12,nov,411,4,192,1,other,yes
35,management,married,secondary,no,100.34535652415322,yes,no,unknown,29,may,135,4,-1,0,unknown,no
29,admin.,single,secondary,no,474.3878799123271,no,no,cellular,9,nov,208,2,91,3,success,yes
29,technician,single,secondary,no,96.01161248258026,no,no,cellular,12,feb,328,2,183,4,success,yes
56,admin.,married,secondary,no,6180.194691399827,no,no,unknown,19,jun,74,1,-1,0,unknown,no
37,admin.,married,secondary,no,1113.1484415634366,no,no,cellular,31,jul,126,5,-1,0,unknown,no
27,technician,single,secondary,no,176.08990355690275,no,no,cellular,28,jul,471,2,-1,0,unknown,yes
22,student,single,secondary,no,219.59262260812008,no,no,cellular,13,jan,143,2,-1,0,unknown,yes
43,technician,single,secondary,no,677.730055416707,yes,no,unknown,5,may,55,1,-1,0,unknown,no
27,student,single,secondary,no,3081.603439986767,no,no,cellular,8,apr,143,2,-1,0,unknown,yes
43,technician,married,secondary,no,0.0,no,yes,cellular,8,may,9,2,172,5,failure,no
53,blue-collar,married,secondary,yes,-636.0383126861421,no,no,cellular,19,aug,695,3,-1,0,unknown,no
28,management,single,tertiary,no,10065.152464322875,no,no,cellular,2,jul,276,2,-1,0,unknown,yes
47,admin.,married,secondary,no,1661.106335380978,yes,no,cellular,14,oct,158,1,826,1,failure,no
38,management,married,tertiary,no,674.5709891893016,no,no,cellular,30,apr,242,1,86,1,success,yes
57,blue-collar,married,unknown,no,2835.7866891775348,no,no,cellular,28,aug,161,4,-1,0,unknown,no
35,blue-collar,married,primary,no,105.16250821890829,yes,no,unknown,20,may,1334,1,-1,0,unknown,yes
34,blue-collar,single,secondary,no,452.24005136418594,yes,no,cellular,20,apr,90,3,346,1,failure,no
28,technician,single,secondary,no,296.6910233291418,no,yes,cellular,29,jan,133,1,-1,0,unknown,no
39,entrepreneur,married,secondary,no,11522.811422639434,no,no,cellular,18,nov,1181,2,-1,0,unknown,yes
31,management,single,tertiary,no,2223.4062372841054,no,no,cellular,30,apr,209,1,-1,0,unknown,yes
26,entrepreneur,married,tertiary,yes,159.44436783256222,no,yes,cellular,25,jul,730,1,-1,0,unknown,no
31,blue-collar,married,secondary,no,712.8870664698533,yes,no,unknown,18,jun,704,4,-1,0,unknown,yes
33,management,single,tertiary,no,1211.542307110591,yes,no,cellular,18,may,536,2,-1,0,unknown,yes
28,services,single,secondary,no,1933.0972953899832,yes,no,cellular,18,may,97,1,355,2,failure,no
23,technician,single,secondary,no,597.5863602008083,no,no,cellular,11,nov,406,1,195,1,failure,yes
87,retired,married,primary,no,192.71248616577182,no,no,cellular,30,oct,144,1,-1,0,unknown,yes
27,admin.,married,secondary,no,1658.8681770300595,no,no,cellular,29,dec,196,2,197,2,success,yes
33,services,married,secondary,no,1404.893613905894,no,no,cellular,4,may,489,1,182,1,success,yes
44,technician,married,secondary,no,8318.891705208176,no,no,cellular,20,aug,188,6,-1,0,unknown,no
32,blue-collar,single,primary,no,1208.0226661301683,yes,no,cellular,20,nov,114,1,-1,0,unknown,no
28,admin.,single,tertiary,no,686.184284110488,no,no,telephone,29,mar,433,3,342,1,failure,yes
32,services,married,secondary,no,3922.1016870223943,yes,no,cellular,18,nov,100,2,189,1,failure,no
45,technician,divorced,unknown,yes,-29.677816294283776,no,yes,unknown,3,jul,158,3,-1,0,unknown,no
34,housemaid,married,secondary,no,389.02588154118484,yes,no,cellular,15,jul,659,3,-1,0,unknown,no
43,blue-collar,married,primary,no,-152.49170214630195,yes,no,cellular,17,apr,351,1,337,3,failure,no
32,technician,single,tertiary,no,780.6541523158902,no,no,cellular,28,aug,68,27,-1,0,unknown,no
59,technician,married,secondary,no,315.3553328933941,no,no,cellular,14,aug,200,4,-1,0,unknown,no
42,admin.,married,secondary,no,486.01281962241524,yes,no,unknown,7,may,202,2,-1,0,unknown,no
27,management,single,secondary,no,212.24510308283374,yes,no,unknown,3,jun,732,2,-1,0,unknown,yes
26,blue-collar,married,secondary,no,2941.5247525145305,yes,no,unknown,8,may,141,1,-1,0,unknown,no
29,blue-collar,single,secondary,no,284.2528605355905,no,no,unknown,14,jun,434,1,96,6,other,yes
29,management,single,tertiary,no,99.96349612960019,no,no,cellular,2,jun,101,1,92,5,success,no
32,management,married,tertiary,no,1198.7971203797915,no,no,cellular,19,aug,232,3,-1,0,unknown,yes
33,management,married,tertiary,no,673.3129590083477,yes,no,cellular,13,aug,275,5,-1,0,unknown,no
38,technician,single,secondary,no,-231.9763224956458,yes,no,cellular,18,may,1173,3,278,6,success,yes
31,services,married,secondary,no,489.40674194861464,no,no,cellular,4,jun,327,3,77,3,success,yes
41,blue-collar,single,primary,no,0.0,yes,no,unknown,16,may,522,5,-1,0,unknown,no
34,admin.,divorced,secondary,no,635.9715038114425,yes,no,unknown,7,may,283,2,-1,0,unknown,no
25,unemployed,single,primary,no,104.6561217841387,no,no,cellular,12,apr,176,3,-1,0,unknown,yes
53,management,married,tertiary,no,541.5156725113244,no,no,cellular,17,nov,226,1,184,4,success,yes
54,management,married,unknown,no,22.29786870841012,no,no,cellular,31,jul,12,10,-1,0,unknown,no
24,admin.,single,tertiary,no,0.0,yes,no,cellular,27,may,122,2,-1,0,unknown,yes
80,retired,married,secondary,no,7580.081376578979,no,no,telephone,8,sep,606,3,91,13,success,yes
25,admin.,single,secondary,no,84.50626271923755,no,yes,cellular,7,apr,104,2,-1,0,unknown,yes
41,technician,single,unknown,no,292.82025039878454,yes,no,unknown,13,may,93,2,-1,0,unknown,no
29,blue-collar,married,secondary,no,236.9612778219434,yes,no,cellular,28,jul,194,5,-1,0,unknown,no
25,technician,single,secondary,no,1206.7464598105362,no,no,cellular,2,sep,206,7,94,2,other,no
55,management,married,primary,no,22.32228319895983,yes,no,unknown,16,may,56,3,-1,0,unknown,no
48,blue-collar,married,primary,no,255.55758353829668,yes,yes,cellular,18,nov,246,1,162,1,failure,no
56,blue-collar,married,primary,no,3081.5472044301478,no,no,cellular,15,apr,264,2,-1,0,unknown,yes
34,admin.,single,secondary,no,671.0597611167809,yes,no,cellular,29,jan,89,1,260,2,failure,no
52,unemployed,married,secondary,no,1349.238829691425,no,no,cellular,10,mar,436,2,182,1,success,yes
54,management,divorced,tertiary,no,10903.321372428883,yes,no,cellular,21,dec,267,2,-1,0,unknown,yes
32,blue-collar,single,secondary,no,17253.79949073257,no,no,unknown,21,may,738,3,-1,0,unknown,no
30,admin.,divorced,secondary,no,88.90477673913973,yes,yes,unknown,6,may,310,1,-1,0,unknown,no
73,retired,married,primary,no,541.3531405323643,no,no,cellular,9,mar,176,1,-1,0,unknown,yes
34,admin.,single,secondary,no,2064.470297728715,yes,no,unknown,23,may,297,1,-1,0,unknown,no
51,entrepreneur,married,secondary,no,-828.3031840666941,no,yes,cellular,15,jul,1001,3,-1,0,unknown,yes
39,management,married,secondary,no,2456.746533150732,no,no,cellular,26,mar,200,1,-1,0,unknown,yes
43,technician,married,secondary,no,4342.111743713218,no,no,cellular,4,may,13,6,89,2,failure,no
31,admin.,married,secondary,no,1236.9853351516783,yes,no,cellular,23,jul,236,5,-1,0,unknown,no
31,management,married,tertiary,no,1354.533352957848,yes,no,cellular,30,jan,203,2,2,3,other,no
42,unknown,single,unknown,yes,61.047900336606695,no,no,unknown,20,jun,115,1,-1,0,unknown,no
41,technician,married,tertiary,no,-16.977981427072006,yes,no,cellular,6,may,33,1,-1,0,unknown,no
39,blue-collar,single,secondary,no,177.44260104915082,yes,no,unknown,9,may,38,1,-1,0,unknown,no
29,technician,single,tertiary,no,0.0,yes,no,cellular,7,may,347,2,337,6,failure,yes
54,technician,married,unknown,no,261.0808870270443,yes,no,cellular,29,oct,142,1,-1,0,unknown,yes
26,blue-collar,single,secondary,no,495.6198078235954,no,yes,cellular,7,jul,575,1,-1,0,unknown,no
45,admin.,married,secondary,no,3583.1127043748234,no,no,cellular,29,apr,388,2,-1,0,unknown,yes
37,management,married,tertiary,no,6812.525272206574,no,no,cellular,20,nov,757,2,-1,0,unknown,no
30,management,married,tertiary,no,1284.7938580182042,yes,no,telephone,25,jul,279,4,-1,0,unknown,yes
29,entrepreneur,married,secondary,no,843.1390124882589,yes,yes,cellular,13,may,482,2,-1,0,unknown,yes
51,blue-collar,married,secondary,no,33.45060443393849,no,yes,unknown,16,jun,721,3,-1,0,unknown,yes
41,entrepreneur,married,primary,no,31.67383387318253,yes,no,cellular,21,nov,549,2,-1,0,unknown,yes
36,technician,single,secondary,no,1185.3809966212827,yes,no,cellular,4,may,303,3,-1,0,unknown,yes
78,retired,married,unknown,no,2886.1994524324095,no,no,telephone,20,may,351,3,-1,0,unknown,yes
31,management,single,tertiary,no,10580.504465872551,no,no,cellular,25,nov,372,1,-1,0,unknown,yes
30,management,single,tertiary,no,3436.6913098360446,no,no,cellular,13,apr,1093,1,-1,0,unknown,yes
36,management,single,tertiary,no,376.8124743488648,yes,yes,cellular,29,jul,102,3,-1,0,unknown,no
44,technician,married,primary,no,691.248751983106,no,yes,cellular,31,jul,829,4,-1,0,unknown,yes
77,retired,married,primary,no,3932.201938521284,no,no,cellular,13,may,289,1,91,5,success,yes
46,technician,divorced,secondary,no,102.99868580893572,yes,no,cellular,19,nov,178,3,183,2,other,no
25,technician,single,secondary,no,1221.0857504344458,no,no,cellular,1,jun,287,1,-1,0,unknown,yes
32,housemaid,married,primary,no,-173.86317053971717,yes,no,cellular,6,feb,129,2,197,1,failure,no
53,services,divorced,secondary,no,0.0,no,no,cellular,12,mar,80,2,-1,0,unknown,yes
36,services,married,secondary,no,531.1012445032706,yes,no,cellular,17,apr,333,2,324,1,other,no
37,management,married,tertiary,no,1975.3772594339225,no,no,cellular,6,aug,303,2,92,4,success,yes
41,entrepreneur,married,secondary,no,598.8045614958236,no,no,unknown,18,jun,707,1,-1,0,unknown,yes
34,blue-collar,divorced,secondary,no,1004.07338006743,yes,yes,cellular,19,nov,141,2,-1,0,unknown,no
32,management,married,tertiary,no,1583.2978644972657,yes,no,cellular,30,apr,753,1,-1,0,unknown,yes
30,entrepreneur,single,primary,no,0.0,yes,yes,unknown,27,may,1051,1,-1,0,unknown,yes
49,blue-collar,married,secondary,no,128.78936363861743,no,no,cellular,6,aug,275,1,-1,0,unknown,no
25,student,single,secondary,no,413.2418744101972,no,no,cellular,10,aug,245,1,-1,0,unknown,yes
37,blue-collar,married,secondary,no,373.2089868537893,yes,no,unknown,7,may,944,3,-1,0,unknown,no
50,technician,married,secondary,no,354.9903950648816,yes,no,unknown,5,jun,494,5,-1,0,unknown,yes
46,technician,married,unknown,no,577.2965676361028,yes,no,cellular,20,apr,780,2,-1,0,unknown,no
52,unemployed,married,secondary,no,4705.189025042406,no,no,cellular,26,may,309,1,-1,0,unknown,no
30,blue-collar,single,secondary,no,135.68984611031655,no,no,cellular,2,apr,206,1,-1,0,unknown,no
42,management,married,tertiary,no,161.90890715236918,no,no,cellular,4,mar,148,1,87,4,failure,yes
48,blue-collar,married,secondary,no,8081.44277882209,no,yes,cellular,4,feb,101,2,-1,0,unknown,no
47,technician,married,secondary,no,0.0,no,no,unknown,11,nov,74,1,-1,0,unknown,no
31,technician,single,secondary,no,2364.667762273874,no,no,cellular,5,aug,123,1,-1,0,unknown,no
25,blue-collar,single,primary,no,2050.683330711934,no,no,cellular,10,jul,1499,3,-1,0,unknown,yes
24,student,single,tertiary,no,742.6278275135841,no,no,cellular,9,sep,679,1,-1,0,unknown,yes
60,management,married,secondary,no,0.0,no,no,cellular,20,may,321,4,87,8,failure,no
55,retired,married,primary,no,1.7815962998337966,no,no,unknown,27,jun,392,4,-1,0,unknown,no
58,unemployed,married,secondary,no,649.5269599301918,yes,no,cellular,7,aug,221,1,99,2,success,yes
42,management,married,tertiary,no,277.09735124549167,no,no,cellular,26,aug,513,1,-1,0,unknown,yes
43,management,divorced,unknown,no,7069.080735732879,no,no,cellular,22,may,460,1,95,2,success,yes
34,management,married,tertiary,no,432.8925817517566,yes,no,cellular,12,aug,1307,4,-1,0,unknown,yes
34,management,married,tertiary,no,110.86643198852877,no,yes,telephone,17,jul,171,3,-1,0,unknown,no
30,blue-collar,single,secondary,no,183.62426500363728,no,no,cellular,5,feb,232,1,365,1,failure,no
62,retired,married,secondary,no,3367.413510329463,no,no,cellular,18,may,243,2,186,1,success,yes
33,management,married,tertiary,no,22588.393550142486,yes,no,cellular,10,aug,73,1,440,2,failure,no
35,services,married,tertiary,no,4995.1375955140375,no,no,cellular,18,aug,45,6,-1,0,unknown,no
40,blue-collar,divorced,secondary,no,-445.0445538934805,no,yes,unknown,26,may,245,1,-1,0,unknown,no
32,admin.,single,secondary,no,4172.096094579233,yes,no,cellular,17,nov,79,2,118,3,failure,no
59,retired,married,primary,no,0.0,yes,no,cellular,28,jul,20,4,-1,0,unknown,no
60,retired,divorced,secondary,no,430.3052217712367,no,no,cellular,15,oct,187,2,213,10,success,yes
54,blue-collar,married,secondary,no,438.61150718869976,yes,no,cellular,18,nov,172,2,104,2,failure,no
55,unemployed,married,secondary,no,1687.8915252812503,yes,no,cellular,4,feb,969,2,-1,0,unknown,no
29,unemployed,single,secondary,no,1253.1330160662465,no,no,cellular,23,sep,427,1,603,1,failure,yes
46,technician,married,secondary,no,611.6720348726649,yes,no,unknown,16,jun,750,2,-1,0,unknown,yes
86,retired,divorced,unknown,no,145.7499787616983,no,no,telephone,7,sep,147,1,-1,0,unknown,no
32,blue-collar,married,secondary,yes,-256.55406594973937,yes,no,unknown,27,may,427,1,-1,0,unknown,no
40,blue-collar,married,secondary,no,11.331298485281188,yes,no,unknown,9,may,1692,2,-1,0,unknown,yes
35,blue-collar,married,primary,no,94.76629014026018,yes,no,unknown,8,may,369,2,-1,0,unknown,no
60,management,married,tertiary,no,87.26517359226521,no,no,unknown,11,jun,48,3,-1,0,unknown,no
77,retired,married,primary,no,2703.1253276433013,no,no,telephone,13,nov,212,3,277,12,failure,yes
42,services,single,secondary,no,3173.2065935580827,yes,no,cellular,7,aug,215,1,99,1,failure,yes
30,admin.,single,secondary,no,370.6694866859606,yes,no,cellular,4,feb,1121,2,-1,0,unknown,yes
40,admin.,married,secondary,no,-725.6764683256653,yes,no,unknown,27,may,107,2,-1,0,unknown,no
34,blue-collar,single,primary,no,74.49129768654751,no,no,telephone,10,jul,336,4,-1,0,unknown,yes
53,retired,married,secondary,no,539.659842493143,yes,no,cellular,22,apr,371,2,-1,0,unknown,yes
23,student,single,secondary,no,1903.0766491020652,no,no,cellular,8,jul,414,2,-1,0,unknown,yes
30,management,single,tertiary,yes,30.686544584597307,no,no,cellular,30,jul,185,4,-1,0,unknown,no
40,technician,divorced,tertiary,no,593.8896099834751,yes,no,unknown,24,oct,112,1,-1,0,unknown,yes
30,management,married,tertiary,no,1693.285757062123,yes,yes,cellular,21,nov,436,2,178,3,other,yes
32,entrepreneur,married,tertiary,no,0.0,yes,yes,cellular,18,nov,95,1,-1,0,unknown,no
32,blue-collar,single,secondary,no,466.33886813827263,yes,no,unknown,21,may,373,2,-1,0,unknown,no
47,admin.,single,secondary,no,695.4579188400932,yes,no,unknown,7,may,161,1,-1,0,unknown,no
54,management,divorced,tertiary,no,5490.726141152799,no,no,cellular,21,oct,1032,1,91,4,success,yes
44,services,married,secondary,no,197.27155342139085,yes,yes,cellular,7,may,490,1,-1,0,unknown,no
35,technician,married,tertiary,no,364.9777107385862,no,no,cellular,12,aug,104,8,-1,0,unknown,no
30,technician,married,secondary,no,315.9145989970839,yes,no,cellular,14,aug,1184,4,-1,0,unknown,yes
28,technician,single,tertiary,no,0.0,yes,no,cellular,15,apr,217,2,-1,0,unknown,no
53,blue-collar,married,secondary,no,-83.94087614038335,no,no,cellular,29,jan,173,1,164,4,other,no
37,blue-collar,married,unknown,no,-850.4072944423051,yes,no,unknown,2,jun,548,2,-1,0,unknown,no
38,technician,single,tertiary,no,0.0,no,no,cellular,28,aug,247,2,-1,0,unknown,no
42,management,married,tertiary,no,5808.127333389464,yes,no,cellular,30,apr,316,1,350,2,failure,yes
25,services,single,secondary,no,544.8634105805993,no,no,cellular,4,jun,89,2,-1,0,unknown,yes
58,housemaid,married,primary,no,1151.1832680865602,yes,yes,cellular,22,jul,1226,2,-1,0,unknown,no
35,technician,single,secondary,no,1003.208112778309,no,no,cellular,18,mar,593,4,90,6,other,yes
38,blue-collar,single,secondary,no,-66.37388130085728,yes,yes,unknown,6,jun,247,2,-1,0,unknown,no
52,management,married,tertiary,no,4018.769100551013,no,no,cellular,12,feb,181,3,-1,0,unknown,yes
32,management,single,tertiary,no,2919.9757390105397,no,no,cellular,12,aug,623,2,191,2,success,yes
35,management,divorced,tertiary,no,22.232632195333455,no,no,cellular,16,apr,78,2,-1,0,unknown,yes
24,admin.,single,secondary,no,193.52393662557367,no,no,cellular,10,sep,256,2,-1,0,unknown,yes
26,self-employed,single,tertiary,no,2577.776433207295,no,no,cellular,3,jul,446,1,-1,0,unknown,yes
52,admin.,married,secondary,no,665.1240749416604,no,no,cellular,26,oct,99,2,185,3,failure,no
32,management,single,tertiary,no,0.0,no,no,cellular,22,aug,148,2,-1,0,unknown,no
50,management,married,tertiary,no,3159.132295508257,no,yes,cellular,28,oct,96,1,-1,0,unknown,yes
43,services,married,tertiary,no,4815.41008722073,no,no,cellular,24,dec,150,2,195,2,success,yes
41,unknown,single,tertiary,no,1399.3001622119446,no,no,cellular,1,jul,291,2,-1,0,unknown,no
43,blue-collar,single,secondary,no,711.680069277309,yes,no,unknown,20,jun,585,2,-1,0,unknown,yes
56,blue-collar,married,primary,no,984.5288538204393,yes,no,telephone,15,may,462,4,-1,0,unknown,yes
33,technician,single,secondary,no,19.42833483436997,no,no,cellular,22,aug,93,2,-1,0,unknown,no
56,management,married,tertiary,no,13453.578281805938,yes,no,cellular,26,may,410,1,551,5,other,yes
28,admin.,single,unknown,no,21.927507685471365,yes,no,cellular,18,jul,415,2,-1,0,unknown,yes
32,services,married,secondary,no,263.1997886194872,yes,no,unknown,29,may,202,1,-1,0,unknown,no
38,housemaid,divorced,secondary,no,71.52720551431605,no,no,cellular,27,jan,164,4,92,4,success,yes
80,retired,divorced,primary,no,237.37025099502785,no,no,cellular,31,mar,577,1,223,3,other,yes
45,services,single,secondary,no,1669.2275607626561,no,no,unknown,20,jun,14,4,-1,0,unknown,no
34,services,single,secondary,no,472.57347158198746,yes,no,cellular,2,sep,121,3,100,5,other,yes
56,admin.,married,secondary,no,411.55637478054945,yes,no,cellular,10,jul,288,1,-1,0,unknown,no
30,blue-collar,divorced,secondary,yes,511.01629756482737,yes,no,unknown,20,jun,115,20,-1,0,unknown,no
18,student,single,primary,no,572.7895126628966,no,no,cellular,12,aug,267,1,-1,0,unknown,yes
33,blue-collar,married,primary,no,4347.594629596226,yes,no,unknown,2,jun,445,1,-1,0,unknown,no
37,blue-collar,married,secondary,no,-91.58759447014813,yes,no,unknown,5,jun,135,2,-1,0,unknown,no
36,blue-collar,married,primary,no,413.055147333967,yes,yes,unknown,20,may,1063,2,-1,0,unknown,yes
62,housemaid,married,unknown,no,2348.1394935246162,no,no,telephone,26,feb,361,1,-1,0,unknown,yes
36,management,divorced,tertiary,no,76.51963172816491,no,yes,cellular,22,jul,560,1,-1,0,unknown,yes
60,management,married,tertiary,no,2436.4501880063917,no,no,cellular,5,feb,230,2,-1,0,unknown,yes
38,technician,single,tertiary,no,108.31694296281792,no,no,unknown,17,jun,1051,3,-1,0,unknown,yes
36,management,single,tertiary,no,1454.7904673730643,no,no,cellular,25,may,189,1,186,1,failure,yes
52,blue-collar,married,secondary,no,1535.9792079827273,no,no,telephone,30,apr,37,2,-1,0,unknown,no
48,blue-collar,divorced,primary,no,2235.308407403198,no,no,unknown,20,jun,23,3,-1,0,unknown,no
61,retired,married,tertiary,no,2884.2230852601633,yes,no,cellular,11,aug,139,3,190,1,success,yes
55,technician,married,tertiary,no,1347.8687114294903,no,no,cellular,28,apr,387,2,-1,0,unknown,yes
38,services,married,tertiary,no,0.0,yes,no,cellular,17,apr,239,1,147,4,failure,no
41,technician,married,secondary,no,10762.455069950869,yes,no,telephone,15,jul,141,4,-1,0,unknown,no
38,technician,single,tertiary,no,5016.733886842052,yes,no,cellular,20,nov,370,1,184,1,failure,no
46,management,married,secondary,no,4954.915980720305,no,no,cellular,6,aug,472,1,-1,0,unknown,no
36,services,married,secondary,no,12140.70163659124,yes,no,telephone,29,jul,268,1,-1,0,unknown,yes
31,blue-collar,married,secondary,no,1862.8710129907972,yes,no,cellular,20,apr,342,1,-1,0,unknown,no
44,self-employed,married,unknown,no,591.348058871851,yes,no,telephone,30,jul,84,4,-1,0,unknown,no
55,management,married,unknown,no,1260.0519098663474,yes,no,cellular,31,aug,186,3,101,2,success,yes
72,self-employed,married,tertiary,no,151.5940363498857,no,no,cellular,1,jul,260,2,65,1,success,yes
59,retired,single,secondary,no,2.204697843953301,no,no,telephone,2,feb,935,1,-1,0,unknown,yes
33,technician,married,tertiary,no,19620.740460332756,yes,no,unknown,29,may,58,1,-1,0,unknown,no
59,retired,married,tertiary,no,1443.0549220739672,no,no,cellular,11,aug,862,11,-1,0,unknown,no
54,technician,divorced,secondary,no,2034.2239054047777,yes,no,cellular,3,feb,261,1,195,4,failure,yes
40,unemployed,single,tertiary,no,7146.527430822547,no,no,cellular,2,jun,596,1,-1,0,unknown,yes
36,unemployed,divorced,secondary,no,6771.560457456162,no,no,unknown,18,jun,321,2,-1,0,unknown,no
26,student,single,tertiary,no,11687.63640380737,no,no,cellular,21,apr,110,2,-1,0,unknown,yes
28,services,single,secondary,no,370.13693622056655,yes,no,cellular,18,may,115,2,-1,0,unknown,no
31,admin.,single,secondary,no,580.6972084071234,no,yes,cellular,2,feb,323,1,109,5,failure,no
48,services,divorced,secondary,no,71.07702284920742,yes,no,cellular,8,may,561,1,-1,0,unknown,no
30,services,divorced,secondary,no,1375.6510871911196,yes,no,cellular,18,may,13,3,355,5,failure,no
52,blue-collar,married,secondary,no,5579.900512866549,no,yes,cellular,22,jul,1029,3,-1,0,unknown,no
57,unknown,married,unknown,no,20632.332767019143,no,no,unknown,23,oct,301,1,-1,0,unknown,yes
60,blue-collar,married,primary,no,530.4412274516924,no,no,cellular,12,aug,429,2,-1,0,unknown,yes
48,management,divorced,tertiary,no,1476.8180098979826,yes,no,unknown,20,jun,72,3,-1,0,unknown,no
47,management,single,tertiary,no,75.54484843790135,no,no,cellular,2,feb,1086,1,-1,0,unknown,yes
26,technician,married,secondary,no,297.90585220874135,no,yes,cellular,8,jul,1061,4,-1,0,unknown,yes
36,technician,single,secondary,no,324.39866070528933,yes,yes,cellular,29,jul,367,1,-1,0,unknown,no
34,technician,married,tertiary,no,97.94167195346279,no,no,cellular,20,aug,196,2,-1,0,unknown,no
57,unemployed,married,secondary,no,3590.998495190116,no,no,cellular,5,feb,1063,2,-1,0,unknown,yes
36,self-employed,single,tertiary,no,-117.07172429874315,yes,yes,telephone,17,oct,3253,1,-1,0,unknown,yes
42,self-employed,married,secondary,no,0.0,no,no,cellular,14,aug,277,4,-1,0,unknown,no
21,student,single,primary,no,7990.066968117426,no,no,cellular,29,oct,445,1,-1,0,unknown,yes
30,services,single,secondary,no,1922.3689118729255,yes,no,cellular,21,jul,153,2,-1,0,unknown,no
54,management,married,tertiary,no,163.9364323646588,no,no,cellular,21,nov,70,1,-1,0,unknown,no
38,management,single,tertiary,no,581.7686007595918,no,no,cellular,9,jul,171,3,-1,0,unknown,no
59,management,married,primary,no,342.58107026302235,yes,no,unknown,2,jun,72,3,-1,0,unknown,no
31,blue-collar,divorced,secondary,no,1255.5803760040192,no,yes,unknown,15,may,548,1,-1,0,unknown,no
37,management,single,tertiary,no,2194.0163616695218,no,no,cellular,21,nov,158,3,114,1,failure,no
30,management,single,tertiary,no,3853.7573858623773,no,no,cellular,12,mar,1209,2,-1,0,unknown,yes
32,services,divorced,tertiary,no,305.5827476563837,yes,no,unknown,20,may,102,2,-1,0,unknown,no
49,management,married,tertiary,no,1.0290092514282752,no,no,telephone,4,may,1076,3,175,1,success,yes
52,housemaid,married,secondary,no,197.31916345671056,no,no,cellular,20,nov,208,1,-1,0,unknown,no
30,management,single,tertiary,no,182.74763500904723,no,yes,cellular,4,feb,111,1,204,2,other,no
49,services,married,secondary,no,327.95126713650734,yes,no,telephone,14,jul,162,3,-1,0,unknown,no
46,technician,single,secondary,no,5006.787252472584,no,no,cellular,1,jun,84,1,-1,0,unknown,yes
35,management,single,tertiary,no,1450.2461857983578,yes,no,cellular,21,apr,333,3,-1,0,unknown,yes
38,management,married,tertiary,yes,285.2578342981509,yes,yes,cellular,9,jul,556,5,-1,0,unknown,yes
51,blue-collar,married,primary,no,3824.3523496390594,no,no,telephone,9,mar,450,3,181,6,success,yes
30,technician,single,tertiary,no,3.5096810634513123,yes,no,unknown,7,may,174,1,-1,0,unknown,no
38,blue-collar,married,primary,no,3737.4262155157658,yes,no,unknown,20,jun,324,5,-1,0,unknown,no
35,technician,married,secondary,no,112.98280339929379,no,yes,cellular,29,jan,456,1,205,2,other,no
31,services,married,secondary,no,2258.7317479953986,yes,no,cellular,18,nov,271,5,-1,0,unknown,no
48,admin.,single,secondary,no,407.73808070890783,yes,yes,unknown,18,jun,533,3,-1,0,unknown,no
29,services,single,primary,no,274.4212631559493,no,no,unknown,4,jul,1576,3,-1,0,unknown,yes
37,housemaid,married,secondary,no,6388.056727910374,no,yes,cellular,5,feb,630,3,-1,0,unknown,yes
45,admin.,married,secondary,no,122.38651807422691,yes,no,cellular,11,aug,173,1,-1,0,unknown,no
28,self-employed,single,tertiary,no,185.9917828302743,no,no,unknown,11,nov,158,1,-1,0,unknown,yes
25,student,single,secondary,no,2518.0262553925013,no,no,cellular,5,feb,226,7,-1,0,unknown,yes
31,self-employed,married,tertiary,no,138.16915523024292,no,no,cellular,4,feb,193,2,-1,0,unknown,yes
43,blue-collar,married,secondary,no,715.8679968762677,no,no,cellular,17,jul,156,1,-1,0,unknown,no
31,services,married,secondary,no,485.2192109039583,yes,no,unknown,21,may,272,1,-1,0,unknown,no
24,admin.,single,tertiary,no,591.2620825016743,yes,no,cellular,6,jul,267,1,-1,0,unknown,yes
36,technician,married,primary,no,1960.6869769252273,yes,yes,unknown,27,may,336,10,-1,0,unknown,no
52,entrepreneur,single,tertiary,no,3577.49053320412,yes,no,cellular,16,apr,583,1,147,1,success,yes
43,self-employed,married,tertiary,no,2981.6036054531764,no,no,cellular,21,apr,381,2,330,17,other,no
53,blue-collar,single,secondary,no,1068.5745026884695,no,no,cellular,13,may,393,1,84,1,other,yes
50,blue-collar,divorced,primary,no,14.673263487811603,yes,no,cellular,12,may,173,2,350,7,failure,no
50,management,married,tertiary,no,334.3905728431353,no,no,cellular,13,aug,343,2,-1,0,unknown,no
56,technician,married,tertiary,no,1372.0465814272718,no,no,cellular,28,jan,186,1,433,1,failure,yes
37,technician,married,secondary,no,504.61106178033566,no,no,cellular,22,oct,344,2,182,8,other,yes
28,management,single,secondary,no,629.9274950542945,yes,no,cellular,15,may,485,1,88,1,other,yes
41,blue-collar,married,primary,no,194.19714326485052,yes,no,cellular,3,feb,157,1,-1,0,unknown,yes
32,technician,single,secondary,no,333.7280786434494,yes,no,unknown,21,may,59,8,-1,0,unknown,no
61,retired,married,secondary,no,473.6449935060158,no,no,cellular,13,aug,211,3,183,4,success,yes
24,admin.,single,secondary,no,1166.8534251960605,no,no,cellular,21,apr,476,1,-1,0,unknown,yes
26,admin.,single,secondary,yes,-787.5457327932523,yes,no,cellular,14,may,786,1,-1,0,unknown,yes
32,technician,single,tertiary,no,0.0,yes,yes,cellular,13,may,440,2,-1,0,unknown,yes
58,admin.,married,secondary,no,1647.7745624160968,yes,yes,unknown,5,jun,53,29,-1,0,unknown,no
25,blue-collar,single,secondary,no,0.0,no,no,cellular,23,apr,163,1,-1,0,unknown,yes
31,services,married,secondary,no,83.46581063404547,yes,no,cellular,17,jul,740,2,-1,0,unknown,no
31,blue-collar,married,secondary,no,45.302722530830344,yes,no,unknown,19,may,405,3,-1,0,unknown,no
29,admin.,divorced,secondary,no,1282.341481008117,yes,yes,unknown,8,may,489,1,-1,0,unknown,no
50,management,married,tertiary,no,4925.157166214058,no,no,cellular,25,jan,455,1,544,2,failure,yes
49,services,single,secondary,no,386.2000121223648,yes,no,unknown,19,may,58,10,-1,0,unknown,no
56,self-employed,married,unknown,no,0.0,no,no,cellular,19,aug,130,1,-1,0,unknown,no
39,entrepreneur,married,tertiary,no,311.8862941557328,yes,no,cellular,24,jul,230,2,-1,0,unknown,no
68,retired,divorced,primary,no,258.2305638680061,no,no,cellular,3,feb,360,1,-1,0,unknown,yes
45,entrepreneur,married,tertiary,no,22907.581160285903,yes,no,cellular,20,nov,871,5,-1,0,unknown,yes
54,unemployed,married,secondary,no,1464.0270334408194,no,no,cellular,25,may,352,3,186,2,failure,yes
45,management,married,tertiary,no,246.86020830649773,no,no,cellular,21,apr,65,2,-1,0,unknown,yes
34,technician,married,tertiary,no,7035.998934716687,no,no,cellular,7,aug,130,1,-1,0,unknown,yes
55,blue-collar,married,primary,no,467.65105643151225,no,no,cellular,5,aug,1200,2,-1,0,unknown,yes
59,technician,married,secondary,no,11769.979464088608,no,no,cellular,21,apr,100,1,-1,0,unknown,yes
81,retired,divorced,primary,no,3457.278360484438,no,no,cellular,11,aug,163,3,-1,0,unknown,no
39,services,married,secondary,no,3027.803200865083,no,no,cellular,4,feb,658,3,-1,0,unknown,yes
36,management,divorced,secondary,no,1927.0173341978743,yes,no,cellular,18,nov,155,2,-1,0,unknown,no
30,admin.,single,secondary,no,792.9840431141247,yes,no,unknown,27,apr,370,1,-1,0,unknown,yes
57,blue-collar,married,secondary,no,3103.962555396666,no,no,cellular,21,aug,819,10,-1,0,unknown,yes
60,housemaid,married,primary,no,543.7588850514082,no,no,unknown,12,jun,1178,3,-1,0,unknown,no
44,management,married,tertiary,no,-1459.6156378767066,yes,yes,cellular,11,may,257,1,-1,0,unknown,no
56,blue-collar,married,primary,no,927.1413809260231,no,no,telephone,2,jul,176,1,-1,0,unknown,yes
29,admin.,single,secondary,no,2825.2116358883272,yes,no,unknown,2,jun,121,4,-1,0,unknown,no
30,technician,single,secondary,no,535.5825584910999,no,yes,unknown,4,jul,523,1,-1,0,unknown,no
25,student,single,secondary,no,2620.2978491757594,no,no,cellular,21,aug,139,1,-1,0,unknown,no
47,blue-collar,married,primary,no,3604.028946657725,no,no,unknown,11,jun,90,3,-1,0,unknown,no
50,services,married,primary,no,4579.660280696627,yes,yes,cellular,7,may,661,1,267,11,other,yes
31,management,married,tertiary,no,2405.12111523875,yes,no,cellular,14,aug,221,6,-1,0,unknown,no
39,blue-collar,married,primary,no,-45.45288570689679,yes,no,cellular,15,may,100,1,-1,0,unknown,no
60,blue-collar,married,primary,no,31564.839984356608,no,no,telephone,15,jun,94,2,-1,0,unknown,no
37,admin.,married,tertiary,no,0.0,yes,no,cellular,17,nov,65,2,119,1,failure,no
37,blue-collar,single,secondary,no,237.77744619643386,no,no,unknown,8,sep,9,1,-1,0,unknown,no
32,management,single,tertiary,no,1075.9785596261554,no,no,cellular,10,aug,161,2,375,5,failure,yes
35,management,married,tertiary,no,156.26354291293225,yes,no,cellular,30,apr,565,1,13,1,failure,yes
31,management,divorced,tertiary,no,-500.67931061657964,yes,yes,cellular,31,jul,101,10,-1,0,unknown,no
37,management,married,tertiary,no,994.379971426909,yes,no,unknown,3,jun,301,1,-1,0,unknown,no
40,services,divorced,primary,no,4.6701763766716455,yes,no,cellular,7,may,171,2,-1,0,unknown,no
36,blue-collar,married,secondary,no,506.4941906132563,yes,no,cellular,8,apr,274,3,-1,0,unknown,yes
37,management,divorced,tertiary,no,427.78039066090963,yes,no,cellular,19,aug,97,6,-1,0,unknown,no
31,housemaid,single,tertiary,no,578.0553951619709,no,no,telephone,28,jan,30,1,-1,0,unknown,no
66,retired,married,secondary,no,865.507623491954,no,no,cellular,12,feb,388,4,-1,0,unknown,no
56,management,married,tertiary,no,516.2379642425378,yes,no,cellular,6,may,100,2,168,1,failure,no
39,blue-collar,married,primary,no,-126.82236827941584,no,no,unknown,17,jun,135,6,-1,0,unknown,no
31,technician,single,secondary,no,363.1114096795653,no,no,cellular,22,aug,346,5,-1,0,unknown,no
30,services,married,secondary,no,323.210645619647,yes,yes,cellular,15,apr,651,4,-1,0,unknown,no
55,technician,divorced,secondary,yes,246.32592827422363,yes,no,cellular,7,aug,78,2,-1,0,unknown,no
32,management,single,tertiary,no,258.5417929385982,no,no,unknown,12,may,757,2,-1,0,unknown,yes
41,technician,married,secondary,no,935.4142235063854,no,no,cellular,29,jul,55,2,-1,0,unknown,no
41,blue-collar,single,primary,no,1758.0239657805178,yes,no,unknown,14,may,1553,1,-1,0,unknown,yes
51,blue-collar,married,primary,no,0.0,no,no,unknown,8,may,384,1,-1,0,unknown,no
34,admin.,married,secondary,no,408.4576205157805,yes,no,cellular,14,may,551,2,-1,0,unknown,no
34,technician,single,tertiary,no,3056.9196506657695,yes,no,cellular,31,mar,265,1,230,2,failure,no
29,technician,single,secondary,no,1832.7132581692392,yes,no,unknown,26,may,375,2,-1,0,unknown,no
25,blue-collar,single,secondary,no,202.97329381801893,no,yes,cellular,8,jul,687,2,-1,0,unknown,yes
52,blue-collar,married,secondary,no,1977.8210844367195,no,no,cellular,29,oct,423,3,-1,0,unknown,yes
37,management,divorced,tertiary,no,108.5794106995843,yes,no,unknown,19,may,1622,2,-1,0,unknown,yes
49,management,married,secondary,no,1380.680356442471,no,no,cellular,29,jul,47,5,-1,0,unknown,no
31,technician,single,secondary,no,299.45091398884085,no,no,cellular,13,jan,262,1,-1,0,unknown,no
42,management,married,tertiary,no,9294.879949897624,yes,no,cellular,21,nov,306,1,-1,0,unknown,no
56,blue-collar,divorced,primary,no,-10.039354766882417,yes,yes,cellular,8,may,728,1,-1,0,unknown,yes
44,management,single,tertiary,no,6003.872668756984,no,no,cellular,27,oct,418,2,-1,0,unknown,yes
35,services,divorced,secondary,no,-544.04284193887,no,no,cellular,10,jul,228,1,-1,0,unknown,no
46,management,married,tertiary,no,8253.123060571193,no,no,cellular,11,sep,658,4,95,2,other,yes
25,blue-collar,single,secondary,no,1631.9410773255322,no,no,cellular,12,jan,265,2,-1,0,unknown,yes
56,technician,married,secondary,no,1647.766533936257,no,yes,cellular,26,feb,229,1,192,4,success,yes
58,blue-collar,married,primary,no,64.74768650071671,no,no,unknown,17,jun,116,1,-1,0,unknown,no
41,entrepreneur,single,secondary,no,715.5188623082821,no,no,cellular,24,jul,1204,1,-1,0,unknown,yes
26,technician,single,secondary,no,207.15251869223272,no,no,cellular,20,apr,158,2,-1,0,unknown,yes
32,technician,single,secondary,no,1256.2856798068065,yes,no,unknown,3,jun,1173,3,-1,0,unknown,yes
34,technician,single,secondary,no,1167.6653023593842,yes,no,cellular,22,jul,174,2,160,8,other,yes
41,technician,married,secondary,no,2721.175431835689,yes,no,unknown,30,may,62,3,-1,0,unknown,no
38,services,married,tertiary,no,853.153477752945,no,no,unknown,16,jun,325,3,-1,0,unknown,no
54,admin.,married,unknown,no,114.62957773337598,no,no,telephone,27,apr,473,2,182,2,failure,yes
57,management,married,primary,no,6800.906816371391,no,no,cellular,23,oct,255,4,185,2,failure,yes
64,management,married,tertiary,no,4096.048436700457,no,no,telephone,19,oct,898,7,137,11,other,yes
57,unemployed,married,primary,no,0.0,yes,no,cellular,20,nov,231,2,-1,0,unknown,no
56,blue-collar,married,primary,no,753.070191061105,yes,no,cellular,21,jul,853,1,-1,0,unknown,no
44,entrepreneur,married,secondary,no,822.766525672415,yes,yes,cellular,6,may,96,2,295,5,failure,no
32,self-employed,married,primary,no,277.6942853838329,yes,no,cellular,6,aug,175,1,-1,0,unknown,no
22,services,single,secondary,no,125.04440617136099,no,no,cellular,15,apr,218,2,181,1,success,yes
32,blue-collar,single,secondary,no,422.4336524656767,yes,no,cellular,19,nov,270,1,-1,0,unknown,no
46,management,divorced,secondary,no,430.83631633579205,yes,no,unknown,19,may,86,7,-1,0,unknown,no
26,services,single,secondary,no,122.9018911295217,no,no,cellular,30,jan,1136,2,-1,0,unknown,yes
56,admin.,married,secondary,no,616.9948789975714,no,no,cellular,14,jun,458,1,130,8,success,yes
40,management,married,tertiary,no,0.0,no,no,cellular,14,jul,109,8,-1,0,unknown,no
30,management,single,tertiary,no,579.9037669276729,no,no,cellular,11,aug,229,2,99,4,success,yes
73,retired,married,primary,no,476.6288353115435,no,no,telephone,29,apr,107,5,-1,0,unknown,no
44,admin.,married,secondary,no,1741.1790578714879,no,no,unknown,16,jun,139,3,-1,0,unknown,no
49,admin.,married,secondary,no,3998.887788046452,yes,no,cellular,30,apr,252,1,168,1,success,yes
34,management,married,tertiary,no,263.84318087013713,no,no,cellular,9,dec,787,1,188,8,other,no
39,technician,divorced,tertiary,yes,3.398861082223591,no,no,cellular,6,may,488,1,-1,0,unknown,yes
41,blue-collar,married,primary,no,549.3561889602793,yes,no,unknown,6,may,233,2,-1,0,unknown,no
40,blue-collar,married,secondary,no,1603.2147130016442,yes,no,cellular,12,may,560,1,-1,0,unknown,yes
49,blue-collar,married,primary,no,440.41464181659137,no,no,cellular,29,jan,679,1,-1,0,unknown,no
30,admin.,single,secondary,no,237.7638562267714,no,no,cellular,27,jan,143,1,-1,0,unknown,yes
51,admin.,single,secondary,no,849.1208116101727,no,no,cellular,23,jul,638,2,-1,0,unknown,yes
24,self-employed,single,tertiary,no,2707.217602328779,no,no,cellular,27,apr,122,1,-1,0,unknown,yes
37,management,married,primary,no,4125.10097576748,no,no,telephone,28,jan,46,1,-1,0,unknown,no
32,management,single,tertiary,no,599.8229866744047,no,no,unknown,29,may,187,3,-1,0,unknown,no
40,housemaid,married,secondary,no,812.4474099485901,no,no,cellular,8,aug,182,1,-1,0,unknown,no
29,student,single,tertiary,no,4.322127871390764,no,no,cellular,15,jul,889,5,-1,0,unknown,yes
40,blue-collar,married,primary,no,0.0,no,no,cellular,24,jul,313,1,-1,0,unknown,no
58,retired,married,secondary,no,238.02619228935384,no,no,unknown,28,may,362,3,-1,0,unknown,no
48,services,married,secondary,no,2844.25750749918,yes,no,cellular,6,may,182,2,355,1,failure,no
39,technician,single,secondary,no,5204.595041019523,yes,no,cellular,18,nov,486,1,-1,0,unknown,yes
33,technician,married,secondary,no,350.96993892179734,yes,no,cellular,7,may,263,2,294,1,success,no
42,technician,single,secondary,no,0.0,yes,no,unknown,6,may,293,1,-1,0,unknown,no
32,blue-collar,single,secondary,no,136.72397681638262,yes,no,cellular,17,jul,1275,1,-1,0,unknown,yes
44,blue-collar,married,secondary,no,921.4623643570885,yes,no,unknown,29,may,306,1,-1,0,unknown,no
29,management,single,tertiary,no,3223.4230556441216,no,no,cellular,30,apr,645,1,-1,0,unknown,yes
49,technician,divorced,secondary,no,4.98529085861693,no,no,cellular,19,aug,131,2,-1,0,unknown,no
23,student,single,secondary,no,105.44177268926977,no,no,cellular,14,oct,84,1,183,1,success,yes
36,services,married,secondary,no,409.9484511741849,no,no,cellular,5,aug,324,1,-1,0,unknown,yes
46,self-employed,married,secondary,no,444.3179753911152,no,no,cellular,12,aug,1181,4,-1,0,unknown,yes
32,management,single,tertiary,no,2221.3257509694886,no,no,cellular,25,aug,497,5,-1,0,unknown,yes
41,self-employed,married,secondary,no,2618.1439760554485,yes,no,cellular,3,apr,1203,2,135,2,failure,yes
22,student,single,secondary,no,219.31148803196606,no,no,cellular,6,aug,178,1,179,2,success,yes
75,retired,married,tertiary,no,5549.410368792855,no,no,cellular,16,nov,1248,2,94,2,failure,yes
34,admin.,divorced,secondary,no,739.4042223647767,yes,no,cellular,5,aug,245,2,183,10,failure,yes
29,technician,married,secondary,no,1065.7741547508797,yes,no,cellular,17,apr,367,3,323,3,failure,yes
47,admin.,divorced,secondary,no,288.48522450742615,yes,no,unknown,6,jun,94,2,-1,0,unknown,yes
38,blue-collar,married,primary,no,172.6568867621447,yes,no,unknown,20,may,245,1,-1,0,unknown,no
42,unemployed,married,secondary,no,1195.1115409100187,no,no,cellular,15,oct,1176,3,92,6,success,yes
21,blue-collar,single,secondary,no,1944.859650589134,no,no,cellular,17,feb,92,2,-1,0,unknown,yes
36,services,married,secondary,no,408.43813026406514,yes,no,unknown,20,may,26,1,-1,0,unknown,no
29,self-employed,single,tertiary,no,404.17676036497454,yes,no,cellular,18,may,427,1,-1,0,unknown,yes
39,technician,married,tertiary,no,78.31340518026506,no,no,cellular,7,aug,70,2,-1,0,unknown,no
50,management,single,tertiary,no,3828.9983133901637,no,no,unknown,24,oct,305,1,-1,0,unknown,yes
58,services,married,secondary,no,863.2986928794687,no,no,cellular,22,aug,283,1,-1,0,unknown,no
48,admin.,married,secondary,no,147.91290999948902,no,no,cellular,4,aug,291,1,-1,0,unknown,yes
24,technician,single,secondary,no,108.08327923210389,yes,yes,cellular,18,may,250,1,-1,0,unknown,no
40,admin.,married,secondary,no,0.0,yes,no,cellular,3,feb,561,1,201,1,failure,no
55,management,divorced,tertiary,no,11298.834898890811,yes,no,cellular,5,jun,103,2,95,1,other,yes
80,retired,married,primary,no,1149.5685076792176,no,no,telephone,26,feb,37,1,-1,0,unknown,no
51,technician,married,secondary,no,312.06556763921793,yes,no,cellular,20,aug,687,4,-1,0,unknown,no
54,technician,married,secondary,no,-259.28497609978456,no,yes,cellular,10,jul,2029,1,-1,0,unknown,yes
43,management,married,tertiary,no,1639.5514535900213,yes,no,unknown,27,may,383,3,-1,0,unknown,no
31,admin.,single,secondary,no,476.8621651133562,no,no,cellular,23,apr,342,1,-1,0,unknown,yes
31,admin.,married,secondary,no,699.1102756475929,yes,yes,cellular,15,may,152,1,352,4,failure,no
36,management,single,tertiary,no,1252.0336566203111,yes,no,unknown,20,may,144,2,-1,0,unknown,no
37,technician,married,secondary,no,5598.858489292176,yes,no,cellular,17,nov,1210,2,171,4,failure,yes
35,management,married,tertiary,no,738.8268984237894,yes,no,cellular,6,may,686,2,-1,0,unknown,yes
81,retired,married,primary,no,241.84953066873558,no,no,cellular,27,jan,340,1,92,1,success,yes
32,admin.,divorced,secondary,no,-277.34295096442224,no,yes,unknown,27,jun,856,2,-1,0,unknown,yes
52,unknown,married,unknown,no,4341.558107842097,no,no,cellular,5,aug,607,3,-1,0,unknown,yes
24,technician,married,secondary,no,580.9307071664832,yes,no,cellular,18,aug,460,2,-1,0,unknown,yes
58,management,married,tertiary,no,234.79304880940973,no,no,cellular,10,dec,422,1,188,3,success,yes
48,technician,married,secondary,no,388.03294815885056,no,no,unknown,17,jun,214,3,-1,0,unknown,no
30,technician,single,secondary,no,162.97517791763016,no,no,cellular,25,aug,167,4,-1,0,unknown,no
38,admin.,divorced,secondary,no,20.710074795821136,yes,no,cellular,5,feb,1130,3,251,2,success,yes
47,technician,married,tertiary,no,516.0908022186021,yes,no,cellular,12,aug,588,3,-1,0,unknown,no
53,blue-collar,married,secondary,no,22683.3431678285,no,no,unknown,24,jun,146,4,-1,0,unknown,no
49,technician,divorced,tertiary,no,624.698427971236,yes,no,telephone,15,sep,722,1,-1,0,unknown,yes
47,technician,married,secondary,no,0.0,yes,no,cellular,25,may,234,1,-1,0,unknown,no
63,retired,married,primary,no,13021.112197513488,no,no,telephone,29,apr,660,1,191,1,failure,yes
59,admin.,married,secondary,no,3273.060620160084,no,no,cellular,17,jun,243,3,91,6,success,yes
62,management,married,tertiary,no,517.8109491217958,no,no,cellular,14,aug,185,1,-1,0,unknown,yes
28,admin.,single,secondary,no,1285.9045922330072,yes,no,unknown,2,jun,537,5,-1,0,unknown,no
42,technician,married,tertiary,no,624.9973056214037,no,no,cellular,30,apr,354,1,79,1,success,yes
57,management,married,tertiary,no,5.343351237510415,yes,no,cellular,8,jul,96,1,-1,0,unknown,no
30,admin.,married,secondary,no,1261.0898374393162,no,no,telephone,27,oct,3284,1,-1,0,unknown,no
47,unemployed,single,tertiary,no,2471.8126482805646,no,no,cellular,30,jan,240,1,-1,0,unknown,no
55,entrepreneur,married,tertiary,no,372.62607007100286,yes,yes,cellular,13,may,200,1,-1,0,unknown,no
47,technician,divorced,tertiary,no,830.806801075665,yes,no,cellular,11,may,1001,4,-1,0,unknown,no
30,management,single,tertiary,no,6158.29953500561,no,no,cellular,27,may,119,1,98,1,success,yes
32,blue-collar,married,primary,no,685.6272380566746,no,no,cellular,29,jan,696,1,-1,0,unknown,yes
50,housemaid,married,secondary,no,414.4097841687768,no,no,cellular,11,mar,203,2,-1,0,unknown,yes
33,blue-collar,single,secondary,no,1541.788602645446,yes,no,cellular,12,may,360,1,173,1,other,no
35,technician,married,tertiary,no,25.63482588187704,no,no,cellular,27,aug,219,2,-1,0,unknown,no
50,blue-collar,married,primary,no,281.9120203721689,yes,no,unknown,18,jun,61,23,-1,0,unknown,no
33,technician,married,secondary,no,464.4962363984645,no,no,cellular,13,aug,460,2,-1,0,unknown,no
27,management,single,tertiary,no,87.36979179568858,no,no,cellular,18,oct,767,3,-1,0,unknown,yes
28,unemployed,single,secondary,yes,-312.42431935986804,yes,no,unknown,12,may,89,3,-1,0,unknown,no
57,technician,divorced,tertiary,no,126.07956032950612,no,no,telephone,4,jun,166,2,-1,0,unknown,yes
37,blue-collar,married,secondary,no,181.22438151027634,yes,no,cellular,17,apr,266,2,-1,0,unknown,no
29,management,single,tertiary,no,1790.511597038188,no,no,cellular,7,jul,273,2,433,1,success,yes
31,blue-collar,married,secondary,no,1821.5361897007992,yes,no,cellular,7,may,603,2,17,2,failure,no
57,management,divorced,unknown,no,0.0,no,no,cellular,27,mar,102,1,-1,0,unknown,no
39,services,divorced,secondary,no,0.0,yes,no,cellular,13,apr,1006,2,-1,0,unknown,yes
31,management,married,tertiary,no,1418.793062577987,yes,yes,unknown,21,may,85,1,-1,0,unknown,no
37,self-employed,single,primary,no,249.02342411633273,yes,no,cellular,17,apr,191,4,323,9,failure,no
37,management,single,tertiary,no,244.40262163698497,yes,yes,cellular,2,feb,120,2,272,1,failure,no
53,unknown,married,unknown,no,0.0,no,no,cellular,25,aug,209,5,-1,0,unknown,no
45,blue-collar,single,secondary,no,696.1472101819118,yes,no,cellular,15,may,133,1,-1,0,unknown,no
57,retired,married,primary,no,3655.0233958718113,yes,no,cellular,25,aug,626,3,-1,0,unknown,yes
36,management,married,tertiary,no,1459.9483922295567,no,no,unknown,19,jun,2028,1,-1,0,unknown,yes
29,management,married,tertiary,no,0.0,yes,no,telephone,15,jul,91,2,-1,0,unknown,no
42,management,married,primary,no,997.2992682833898,yes,no,unknown,15,may,90,3,-1,0,unknown,no
32,admin.,single,tertiary,no,360.3935827633817,yes,yes,unknown,26,jun,271,1,-1,0,unknown,no
57,management,married,secondary,no,730.5121017608176,yes,no,telephone,11,may,20,5,-1,0,unknown,no
34,admin.,single,secondary,no,129.40547163203107,yes,no,cellular,12,may,590,1,370,1,other,yes
56,admin.,married,secondary,no,2020.7111011621312,yes,no,unknown,12,may,146,1,-1,0,unknown,no
52,technician,single,secondary,no,437.1003272502152,no,yes,unknown,22,mar,95,1,-1,0,unknown,yes
42,technician,married,tertiary,no,15651.47435758042,no,yes,cellular,14,aug,149,2,-1,0,unknown,no
40,admin.,divorced,secondary,no,2124.1303300499653,no,no,cellular,30,apr,452,1,-1,0,unknown,yes
31,student,single,secondary,no,198.7457313775682,no,no,cellular,3,jun,138,1,-1,0,unknown,no
37,management,married,tertiary,no,326.66767673872295,yes,no,cellular,22,jul,282,1,-1,0,unknown,no
38,admin.,single,secondary,no,63.45407219326288,no,no,cellular,20,nov,441,4,-1,0,unknown,no
92,retired,married,unknown,no,625.2248211003777,no,no,cellular,22,oct,313,3,-1,0,unknown,yes
55,services,divorced,secondary,no,277.7684353957695,yes,no,cellular,28,jan,342,1,-1,0,unknown,no
29,blue-collar,married,secondary,no,1012.0473187345115,yes,yes,cellular,15,may,382,1,-1,0,unknown,yes
52,technician,divorced,secondary,no,220.1527069387341,no,no,cellular,7,aug,134,2,-1,0,unknown,no
41,unknown,single,unknown,no,837.5372504823445,no,no,cellular,27,oct,143,1,188,1,success,yes
32,services,married,secondary,no,863.9263674512722,no,no,cellular,15,jun,372,1,-1,0,unknown,yes
59,retired,married,secondary,no,906.7179610712899,yes,yes,cellular,5,aug,223,1,-1,0,unknown,no
50,admin.,married,secondary,no,176.61394518074178,yes,no,unknown,7,may,216,2,-1,0,unknown,no
35,admin.,married,secondary,no,769.787979508091,yes,no,cellular,20,nov,219,7,133,1,failure,no
